,From Specify,,,,Desired Split,,
GUID,First.Name,Middle.Name,Last.Name,Standardized Name,First.Name,Middle.Initial,Last.Name
6ec6864e-82e6-47db-9e64-7c0717949a3f,Frank,,Lomer,Frank Lomer,,,
75f3ce51-988a-4984-9a11-5d3c4075bb60,,,F.W. Lomer,Frank Lomer,,,
53912434-cbe6-4d49-bcb6-bc9bf9d3af4f,F.,,Lomer,Frank Lomer,,,
ece9d023-bafd-4d10-afd7-4c0422fcfbe0,,,Frank W. Lomer,Frank Lomer,,,
fe20fba2-efbf-4862-b903-77bf4031980b,Vladimir,J.,Krajina,Vladimir J. Krajina,,,
e36e7763-3155-48bb-9d76-6266c56420c8,,,Vladimir J. Krajina,Vladimir J. Krajina,,,
4ad31a93-f011-4b5d-a75d-a11171588fb2,V.,J.,Krajina,Vladimir J. Krajina,,,
5581d860-4b0f-45cd-862d-ad75c130f039,,,V.J. Krajina,Vladimir J. Krajina,,,
a1d66c81-9552-43da-8fa2-1c2cca3fdcd3,,,V. J. Krajina,Vladimir J. Krajina,,,
b7366578-caca-4dde-8aa1-e132f5586a7a,,,V. Krajina,Vladimir J. Krajina,,,
698058d0-b9ab-45ef-aaf1-973998a90a8f,,,Vladimir J. Krajina.,Vladimir J. Krajina,,,
73d8b1ff-637e-4ff9-8bca-eafd3619382e,,,Vladimir Krajina,Vladimir J. Krajina,,,
cde6e2cd-7cd2-4171-85f0-8d2904a5eb6c,,,Vladamir J. Krajina,Vladimir J. Krajina,,,
c63837da-b5d6-4cbb-b539-1ffecf3dc7ca,V.,,Krajina,Vladimir J. Krajina,,,
1f9be9e7-50ec-4548-ac12-4c7d0e362488,V. Krajina,,,Vladimir J. Krajina,,,
61af9f0e-3286-4c85-9852-83abf5aaf95e,Dr. V. J. Krajina,,,Vladimir J. Krajina,,,
62d51b50-f97b-4bde-b377-809e20a78056,V. J. Krajina,,,Vladimir J. Krajina,,,
7ccb4659-02ab-4631-a16b-39186f0f0dc9,V.J.,,Krajina,Vladimir J. Krajina,,,
7c7fe11c-4a84-42ce-a9da-3fd06d53a431,T.,C.,Taylor,Thomas M.C. Taylor,,,
a1e74e35-d083-4c0a-9a96-65030a1c94f2,T.,,Taylor,Thomas M.C. Taylor,,,
f021d57f-4e75-4505-90c7-035a3ab14819,M.,T.,Taylor,Thomas M.C. Taylor,,,
6a140359-78c8-404a-81ff-a3de51352b10,,,T. Taylor,Thomas M.C. Taylor,,,
26e11580-2dd8-432f-a2de-3065d9d9c0d9,,,T. M. Taylor,Thomas M.C. Taylor,,,
463b761b-7945-456a-8746-60ccf84bf5a1,Thomas,M.T.,Taylor,Thomas M.C. Taylor,,,
346b9c32-1b9e-4126-9acd-258ad28fa823,,,R.T Taylor,Thomas M.C. Taylor,,,
70dc96e0-ae29-41d1-92a7-4ea007e29dd5,T. Taylor,,,Thomas M.C. Taylor,,,
be62336a-845d-42a1-9f76-f6452180e142,John,W.,Eastham,John W. Eastham,,,
ad03ecd9-cfcc-4827-b946-53f2668387f6,,,J. W. Eastham,John W. Eastham,,,
c819a61b-4f95-4848-aa90-1959a7931738,,,John W. Eastham,John W. Eastham,,,
d8e7b646-5555-4bba-bbce-b86955f8efdc,J.,W.,Eastham,John W. Eastham,,,
b7413379-4fac-489f-a4f1-38e239bc8889,,,J.W. Eastham,John W. Eastham,,,
7fd7d971-f204-4b8e-8a84-a2d5082ba056,Jogn,W.,Eastham,John W. Eastham,,,
9ad3072f-a742-4c71-ab67-decd1fd1e4ba,J.W,,Eastham,John W. Eastham,,,
3ab6a383-0ee7-4627-928d-3917c1cdef61,J.,,Eastham,John W. Eastham,,,
439cb2f9-80b8-4980-9fe7-29e8df2c6c3a,John,W.,Estham,John W. Eastham,,,
251c6a6d-3734-473d-a7df-12c5606f92ff,John,W,Eastham,John W. Eastham,,,
c7f856cf-f2b6-4f01-991d-4d5695bf17a3,John,W.,Eastham,John W. Eastham,,,
414e0624-75b9-4e39-8da3-bf051117b77c,Katherine,I.,Beamish,Katherine I. Beamish,,,
2aca8787-872a-46e3-b558-23ce9f290e89,,,Katherine I. Beamish,Katherine I. Beamish,,,
eccc56a2-28f6-4ed5-9826-011826a1973a,,,K. I. beamish,Katherine I. Beamish,,,
ab567341-163e-4af9-aac0-771a33df5c2b,K.,I.,Beamish,Katherine I. Beamish,,,
e731965d-331c-49f5-9c02-d9a0708939fb,Katherine,,Beamish,Katherine I. Beamish,,,
8c3d9a4e-ea6c-4404-b0ec-cf7ee79d5b96,K.,,Beamish,Katherine I. Beamish,,,
5bf15d70-d1fe-4fbc-a53b-9e767ea74101,K.I,.,Beamish,Katherine I. Beamish,,,
c855b484-4cb8-426f-a24a-bf190208d62b,KI,,Beamish,Katherine I. Beamish,,,
8eddc47f-892c-4d9f-a2f1-6d2be6e02621,K.,I,Beamish,Katherine I. Beamish,,,
74e2bb6a-373d-4eaa-90fe-6f8609a8ef99,Katherine,I,Beamish,Katherine I. Beamish,,,
571b2e42-8b8b-4b4b-9793-3407e0d4092d,,,K.  Beamish/ F. Vrugtman,Katherine I. Beamish,,,
a2a7eb21-a08e-418b-a3b2-3559a383a734,Katherin,I.,Beamish,Katherine I. Beamish,,,
983c739e-0931-4c89-abad-b96672a2b2ae,,,K. beamish,Katherine I. Beamish,,,
e3197ac3-7237-465b-b905-34d3fe7ad02d,Gerald,B.,Straley,Gerald B. Straley,,,
42211fbf-14df-4430-8a00-f6b0d2cafe52,,,Gerald B. Straley,Gerald B. Straley,,,
41f62f56-09b3-45c3-b9c4-271d8bd3c965,Gerald,,Straley,Gerald B. Straley,,,
aa8a622c-3aa2-4e6e-8a46-7b250a5971e3,G.,B.,Straley,Gerald B. Straley,,,
3f0c0e59-fca7-48a6-89cd-02379aca4f1b,Gerald,B,Straley,Gerald B. Straley,,,
fec6cf9c-1fab-4a09-a6f1-9d05b7545680,G.B,,Straley,Gerald B. Straley,,,
ca850e69-155a-486a-ac4e-e117692a46db,G. B. Straley,,,Gerald B. Straley,,,
2277c19a-a320-4fa0-8dfd-c9fbb20e5f26,G. B. Straley,,,Gerald B. Straley,,,
01712743-547a-47d1-b178-41818388b9b0,Vernon,C.,Brink,Vernon C. Brink,,,
12844df1-d660-407d-b8a4-95be5b308444,V.,C.,Brink,Vernon C. Brink,,,
8fc0923a-eac2-4329-8014-a964aa7d6597,,,Vernon C. Brink,Vernon C. Brink,,,
33c49044-6703-499c-9350-50dc7593f74e,,,V. C. Brink,Vernon C. Brink,,,
305844b9-b6f7-4c66-90de-84d7549c6c53,,,Gerard Greichon for Vernon C. Brink,Vernon C. Brink,,,
cfa4f3be-3abb-4ab4-bb7f-3b9140f938f5,R.,V.,Brink,Vernon C. Brink,,,
3f0e7a08-6b9d-4435-840c-c110279d1a1c,C.,V.,Brink,Vernon C. Brink,,,
df83fdf7-5953-4253-be1a-ed8eb09231ab,V. C. Brink,,,Vernon C. Brink,,,
f9ff372c-5548-4dc2-9359-cf266327f320,V.C. Brink,,,Vernon C. Brink,,,
e268e850-fa9c-447b-88ea-2e249dc25eac,John,,Davidson,John Davidson,,,
78f8d846-25e1-4276-9c4a-de9e804d099f,,,John Davidson,John Davidson,,,
197d75e8-68ad-4036-aa78-58412fd8bf4b,,,John Davidson?,John Davidson,,,
5f279354-cca5-4111-9dbb-d1bbd705c981,J.,,Davidson,John Davidson,,,
f6d01060-2c58-4615-8dd4-547322241c64,,,[John Davidson],John Davidson,,,
648637c3-c901-4abe-b607-192ef94cbc46,,,J. Davidson,John Davidson,,,
2f0fa754-2352-447f-9a6f-1749c1a22512,,,John Davidson Jr.,John Davidson,,,
2285341d-188a-4b2f-aad7-07d415b989ad,J. Davidson,,,John Davidson,,,
c10d6e83-413f-4634-a62a-08800e86c660,John,,Davidson,John Davidson,,,
af0514cf-23e2-4756-86e3-e3dd7dda0029,J. Davidson,,,John Davidson,,,
c2d6ac20-d2c2-4e2e-ae3b-c4c9d61bd98f,Adam,F.,Szczawinski,Adam F. Szczawinski,,,
805f9228-a2a1-407b-a271-6a3a6ebd0f9c,,,Adam F. Szczawinski,Adam F. Szczawinski,,,
5988e36a-0a30-4a2f-b1aa-1abd37ecc2c6,A.,F.,Szczawinski,Adam F. Szczawinski,,,
9f39f0aa-a93e-4fb9-a369-879e80c6590d,,,A.F. Szczawinski,Adam F. Szczawinski,,,
0d735cf4-0958-417f-ba89-62355ea9666f,,,A. Szczawinski,Adam F. Szczawinski,,,
d6254611-608c-475b-a840-67ad94aecaa3,,,A.F Szczawinski,Adam F. Szczawinski,,,
c08136a6-41fa-470d-a9a1-6b71c835b863,,,A. F. Szczawinski,Adam F. Szczawinski,,,
09c8ada4-8421-47d4-83dc-2fc92a772fa4,,,A.F. Sczcawinski,Adam F. Szczawinski,,,
780e9059-0ac5-48cb-a583-68a3a8182c60,,,Adam F. Szcawinski,Adam F. Szczawinski,,,
a4b8fc12-d353-47dd-a9a1-1043315351b4,A.,F.,Sczawinski,Adam F. Szczawinski,,,
68a58bcb-fe9a-481f-937d-bef27fd5d880,,,Adam Szczawinski,Adam F. Szczawinski,,,
b165cdf5-6741-45cc-9fc3-f18c58e7f974,,,A. F. Szczawinski. M. Bell,Adam F. Szczawinski,,,
8802469c-5626-49ae-9d66-aafdf25e0685,,,Adam F. Szczawinksi,Adam F. Szczawinski,,,
d1efc1ab-7f5e-4872-96aa-c471889ff2df,A.,F.,Szczawinki,Adam F. Szczawinski,,,
b6dce96b-4a24-4ddc-ab3f-c99f7bd30c3b,,,A. Szcawinski,Adam F. Szczawinski,,,
1843253e-9a23-459a-a8e5-cfc40d9ae068,A.,F.,Szcawinski,Adam F. Szczawinski,,,
fdbc4a1d-9b03-4bc4-aa14-bf6439837481,,,Adam Szczawinksi,Adam F. Szczawinski,,,
c84285b9-ab30-4ae8-8114-fae5957753fe,A.,F.,Szczawinksi,Adam F. Szczawinski,,,
ecbc53c2-6241-42a8-b2b1-0efeda7cde49,,,A.F. Szcawinski,Adam F. Szczawinski,,,
669a311f-ffb7-47c5-95d0-4af71f1153a5,,,A.F. Szczawinski et al,Adam F. Szczawinski,,,
84bfb00d-938d-4824-9c6f-3c79413cc52e,A.F.,,Szczawinski,Adam F. Szczawinski,,,
dcf92daa-1040-4a90-bae3-395d17057722,James,A.,Calder,James A. Calder,,,
1595407d-5f24-4f4f-bf8b-029b550626da,J.,A.,Calder,James A. Calder,,,
b86f13e3-ac3f-48e5-bce8-904b305780fe,,,James A. Calder,James A. Calder,,,
11c71507-482c-4774-8906-9c0231746561,,,J.A. Calder,James A. Calder,,,
3eb4d8f4-8303-43ea-9189-2fba23f5eec5,James.,A.,Calder,James A. Calder,,,
950618c7-8683-4d11-aa50-2e7969ce724f,J.A.,,Calder,James A. Calder,,,
e9591f7e-6662-4e7a-9feb-ace0452a3dc5,Freek,,Vrugtman,Freek Vrugtman,,,
b40b543b-04c4-4b7b-87b9-47cf7d3df73b,,,Freek Vrugtman,Freek Vrugtman,,,
6c56a06d-dd93-403c-9cf3-fb204e79a8c0,,,F. Vrugtman,Freek Vrugtman,,,
181ac454-89b2-43e2-8bb1-53c3aab65c45,F.,,Vrugtman,Freek Vrugtman,,,
3ab36de5-1f9d-412b-8024-3d57c9445113,,,F Vrugtman,Freek Vrugtman,,,
09f85cea-2ae4-44e7-91e1-3f18988cfe59,,,F. Vrugman,Freek Vrugtman,,,
ac435d7e-0503-4c31-9092-fce8405e1084,William,Copeland,McCalla,William Copeland McCalla,,,
38be5a7f-fc4f-4ee3-b97b-47315f945123,,,Jim Pojar,Jim J. Pojar,,,
64ca9282-1099-421a-bb22-3a4567700372,,,J. Pojar,Jim J. Pojar,,,
5a353889-13f5-4b66-b63b-270c8733830c,Jim,,Pojar,Jim J. Pojar,,,
3c99ebc5-2b97-4f1b-9ad2-cd636a0ffb57,J.,,Pojar,Jim J. Pojar,,,
10f2f87a-e1f5-49d5-b385-f838ac4f3a58,,,Jim J. Pojar,Jim J. Pojar,,,
a26b340e-d0ba-42a4-bfaf-19099d8cde82,Jim,J.,Pojar,Jim J. Pojar,,,
7f23169d-3ce7-45a3-940d-d710851420a3,,,K. Wadem J. Pojar,Jim J. Pojar,,,
08890f83-c04a-46d0-b6eb-e238ccf50836,James,,Pojar,Jim J. Pojar,,,
7c1bda33-3f01-4442-8626-a42bf9ae251c,,,James J. Pojar,Jim J. Pojar,,,
929c8c0c-33b5-4be6-9413-d2511bf29a2c,,,James Jim Pojar,Jim J. Pojar,,,
b4c36e3d-26d2-48e3-8a4d-175b11584465,James,Jim,Pojar,Jim J. Pojar,,,
4441cae7-34eb-43fc-b600-a64423cd9ff4,James,J.,Pojar,Jim J. Pojar,,,
586c4bbd-c4b2-429a-b873-360b3388420a,J. Pojar,,,Jim J. Pojar,,,
e71ef169-b0c7-47a4-9603-b6945150d917,J. Pojar,,,Jim J. Pojar,,,
98adfd5e-3133-40c3-bf11-8c540419fd46,,,Roy L. Taylor,Roy L. Taylor,,,
08935863-0213-495d-9adb-ff12ec9ac612,Roy,L.,Taylor,Roy L. Taylor,,,
1a179786-c2db-42ff-ae59-18b547111a88,,,R.L. Taylor,Roy L. Taylor,,,
e08be40c-7a67-479c-a38e-44ac92b20786,,,R. L. Taylor,Roy L. Taylor,,,
d74fd311-de8c-447d-9cd9-2380a184f9c9,R.,L.,Taylor,Roy L. Taylor,,,
2e64a00c-89ce-4e4a-b4e5-9ec7c2da97d6,,,R. Taylor,Roy L. Taylor,,,
1e2d7f15-a3ae-42c3-bea9-bb5da5082189,R.,,Taylor,Roy L. Taylor,,,
bd1d621e-8ae1-48a3-bec7-c3922037f996,Roy,,Taylor,Roy L. Taylor,,,
46a9adfe-8566-429c-912a-3eafab1de796,,,R.L.Taylor,Roy L. Taylor,,,
696ae5fa-cf80-4fe8-afed-eb6452825dbe,Wm. R. Taylor,,,Roy L. Taylor,,,
c3117c2e-52bd-4e67-8d6c-ccb9d356e00e,W. R. Taylor,,,Roy L. Taylor,,,
0e25e631-43b1-44d6-bded-f2db71a82742,Wm.R. Taylor,,,Roy L. Taylor,,,
2869f951-30f2-4fd7-84c0-2fe8d77c2d3b,Wm,R.,Taylor,Roy L. Taylor,,,
7cec0fa9-66f9-4010-8749-2924d5634497,Wm. R. Taylor,,,Roy L. Taylor,,,
f3109359-de46-4a7a-ba7e-d033c8cf586e,WM,R.,Taylor,Roy L. Taylor,,,
1abbfabf-0dad-4258-a1c8-8df6b16087b6,Wm.R. Taylor,,,Roy L. Taylor,,,
e4c0c25e-d7c9-4673-926c-20ba11a05226,F. J. R. Taylor,,,Roy L. Taylor,,,
d8a66752-1da9-410d-9e9b-abb275110aad,F. J. R. Taylor,,,Roy L. Taylor,,,
6db7c686-4135-4c4e-a46e-879f89089a36,Bruce,A.,Bennett,Bruce A. Bennett,,,
37cf3826-e75e-4876-91de-7c1555b0ddf6,,,Bruce A. Bennett,Bruce A. Bennett,,,
82cd9aea-8da7-4522-8170-61500df4734a,,,B.A. Bennett,Bruce A. Bennett,,,
6fb1ca33-9b26-49be-b339-176b752f4b5b,B.,A.,Bennett,Bruce A. Bennett,,,
c50ad3bb-13d2-4ead-9ff9-606579e8f458,Bruce,,Bennett,Bruce A. Bennett,,,
9016e337-bbd8-43f6-8e93-94e5db02ec40,B.,A.,Bennet,Bruce A. Bennett,,,
dc0ec65d-97e7-4e44-9ed7-ad52324318ba,B.,,Bennett,Bruce A. Bennett,,,
7e7de79d-783c-4171-a509-f52de63f0be8,B.,A.,Benett,Bruce A. Bennett,,,
3b0053e1-5ce0-4809-ab23-a76aab2eb0fe,Beryl,C.,Zhuang,Beryl C. Zhuang,,,
71a8c4a9-439d-4fa8-9807-2d395cc1147c,,,Beryl C. Zhuang,Beryl C. Zhuang,,,
c5924645-d83f-43f8-a6d0-979f134f4ce2,Beryl,,Zhuang,Beryl C. Zhuang,,,
c8e3f094-1314-4153-adb1-dc5f1ac429ad,,,Beryl Zhuang,Beryl C. Zhuang,,,
145bc2b0-5795-4ac9-8892-1da17ca9c8bc,B.,,Zhuang,Beryl C. Zhuang,,,
41a5e41a-9ce2-4a95-9438-e14b318c24cf,Trevor,,Goward,Trevor Goward,,,
9acfe0af-fb31-4adc-bbf7-d436e5507137,,,Trevor Goward,Trevor Goward,,,
77abc0a5-08d2-4dd2-a383-75fd45c3951b,,,T. Goward,Trevor Goward,,,
57d6cd6d-1c47-4514-b6bf-a3aeded0fdb4,T.,,Goward,Trevor Goward,,,
5e71ea37-9de6-4eb2-943d-ef09e7811732,Trevor,,Goward,Trevor Goward,,,
7c396330-6e71-4ff7-a678-aeca2859a716,Trevor,,Goward,Trevor Goward,,,
4fba2cbc-365a-46fe-abfc-f5896f91d46d,,,Jeffery M. Saarela,Jeffery M. Saarela,,,
6fc174b5-c28a-4efb-9de5-3ac2102567be,Jeffery,M.,Saarela,Jeffery M. Saarela,,,
5fd4ae62-7652-45c0-8f1a-6de5289db165,,,Jeffrey M. Saarela,Jeffery M. Saarela,,,
89d0d4cf-b0cf-4ac5-ac09-4a9a7a77445e,Jeff,M.,Saarela,Jeffery M. Saarela,,,
041b74d9-50f5-4cb8-8c80-50e8b3f64830,,,J.M.Saarela,Jeffery M. Saarela,,,
83c73ca8-760e-49d1-bf3f-6ede489362cb,,,J.M Saarela,Jeffery M. Saarela,,,
d581df3b-d726-4253-95ed-b929f3336d08,Jeff,,Saarela,Jeffery M. Saarela,,,
28a8ecab-ba5e-4150-844f-4691acc201e3,Jeff,M,Saarela,Jeffery M. Saarela,,,
a3c55df4-3a09-494a-af85-c763b8e1f721,Jeffrey,M.,Saarela,Jeffery M. Saarela,,,
33958b7f-2042-4d3a-84a7-5806436ab96d,Jeff.,M.,Saarela,Jeffery M. Saarela,,,
f8cb95c0-f43b-4646-bb8c-59e1f6120ea2,,,Jeff M. Saarela,Jeffery M. Saarela,,,
00c2f85b-02c1-4690-9da0-0450e7638ff2,J.,M.,Saarela,Jeffery M. Saarela,,,
e3825126-81b0-4f02-8bf2-02d5f5a14fe7,Terry,,McIntosh,Terry T. McIntosh,,,
0160fbce-7df6-4a5d-b087-656f430fd356,,,T.McIntosh,Terry T. McIntosh,,,
b84409d6-7ad7-44d5-871b-d7576c30627e,,,Terry McIntosh,Terry T. McIntosh,,,
a5f9df21-fa71-4358-8021-2291446f0a43,,,T. McIntosh,Terry T. McIntosh,,,
4e0dff3a-8050-4c5f-9af1-f4b5d723c0ba,T.,,McIntosh,Terry T. McIntosh,,,
f5e3ea39-75d4-4f3f-9a4e-e3fcaf8af081,,,T.T. McIntosh,Terry T. McIntosh,,,
eaefd0cb-3088-4311-a230-eed598d4a515,T.,T.,McIntosh,Terry T. McIntosh,,,
c8ea5bef-c761-466d-ae2c-9c49d9d4e3f3,William,J.,Cody,William J. Cody,,,
ab801af5-6b00-4d2c-abd4-c1a6f23927b4,W.,J.,Cody,William J. Cody,,,
394ef4e4-73e6-40e9-ab3a-1cf5dbb60400,,,W.J. Cody,William J. Cody,,,
7c382ea4-5b36-4b8d-910b-1e65981f75ed,,,W. J. cody,William J. Cody,,,
81736f50-31b8-4994-8a3f-8dd186b5c875,Fred,,Fodor,Fred Fodor,,,
bd2a198a-6d1b-4851-b538-eaaf23938cff,F.,,Fodor,Fred Fodor,,,
27e1156f-afb7-4115-82c1-55decff8141d,F,,Fodor,Fred Fodor,,,
a7fe93e2-c75f-4703-8330-a7bdd55d13af,,,Fred Fodor,Fred Fodor,,,
dde89636-ea06-4fc2-acd3-3683efd1dff0,,,Mr. Fred Fodor,Fred Fodor,,,
33956c60-f8a2-45f4-8b15-bf83a7013c20,,,F. Fodor,Fred Fodor,,,
c9e5a135-6f52-4943-8e00-d6e559c51236,,,Charles E. Beil,Charles E. Beil,,,
ae0b00e6-0c93-4d03-b558-3ced89809b96,Charles,E.,Beil,Charles E. Beil,,,
85057440-0cdb-4c23-908e-9783392cc734,C.,E.,Beil,Charles E. Beil,,,
6263d532-d24a-4feb-8fac-89160cdaf343,,,C.E. Beil,Charles E. Beil,,,
632e00cd-51a4-4463-b2a7-9bf9772be768,Curtis,R.,Bjork,Curtis R. Bjork,,,
95171d02-e574-42eb-928a-3f7f7bd8ed5d,,,Curtis R. Bjork,Curtis R. Bjork,,,
d83e10c8-edaa-476f-84d6-3a8fd50d0c19,,,Curtis Bjork,Curtis R. Bjork,,,
cd6c80fd-6e3e-497f-aa6e-e17374602c9c,Curtis,,Bjork,Curtis R. Bjork,,,
57866457-adce-492f-9161-449e0dcb00e8,Curtis,,R.Bjork,Curtis R. Bjork,,,
d6df1e1c-b470-4b77-8554-21de16d7008d,Curtis,,Bork,Curtis R. Bjork,,,
e2520be1-ffed-4521-8428-8b1fca08c551,,,Jamie D. Fenneman,Jamie D. Fenneman,,,
33ee9cd4-02e9-4603-bcb9-cd8ef9722eb7,Jamie,,Fenneman,Jamie D. Fenneman,,,
48324a49-9814-4226-a70c-52c65d15e61c,Jamie,D.,Fenneman,Jamie D. Fenneman,,,
8d0f5e45-9748-4467-831e-f94672ad50ac,,,Jamie Fenneman,Jamie D. Fenneman,,,
9c683672-d5bb-4d85-81ba-ce5b1fad6e85,J.,D.,Fenneman,Jamie D. Fenneman,,,
c977c68d-8b66-4a27-a314-8487092b4515,J.,,Fenneman,Jamie D. Fenneman,,,
1f446821-d4ea-4241-abbd-c809af271a40,Erin,R.,Manton,Erin R. Manton,,,
93cf36fc-810e-4d4c-a2c7-8de883fac99c,E.,R.,Manton,Erin R. Manton,,,
e837cc8f-b4fc-4162-9782-677162f4869d,,,Erin Manton,Erin R. Manton,,,
b4349619-239f-45b6-ab5e-e9c9e8c6e74d,Adolf,,Ceska,Adolf Ceska,,,
c75d9185-7b0f-4ff2-8789-02d049a9d708,,,Adolf Ceska,Adolf Ceska,,,
5ee82826-d23f-45f3-b876-d67fcaae6dc0,,,A. Ceska,Adolf Ceska,,,
5a9843ab-e213-4753-9c9b-a077bd0333ab,A.,,Ceska,Adolf Ceska,,,
f3eef140-885c-40d2-a5f1-5ca41289d7b5,,,Oluna Ceska,Oluna Ceska,,,
19ae8085-1db8-4c00-b657-8a59b9714d17,,,O. Ceska,Oluna Ceska,,,
ff2f0bc2-b550-439b-8526-f78bb24c304c,Oluna,,Ceska,Oluna Ceska,,,
abebca79-66f4-4f81-b19f-78f107b1597f,,,Adolf O. Ceska,Oluna Ceska,,,
fe3fefbc-572e-4338-8039-113c1f758ede,,,E.L. Taylor,L.E. Taylor,,,
6bfd71e4-6ed9-4507-ae64-769b9388d207,E.,L.,Taylor,L.E. Taylor,,,
c8b00552-f5ef-45b6-85a8-24d58cb5edf4,,,L. Taylor,L.E. Taylor,,,
35b769e8-24ad-4c42-acd4-16c9af9eef66,John,,Pinder-Moss,John Pinder-Moss,,,
a565b8f1-89b1-49e8-8582-26fdb7ab5a43,,,John Pinder-Moss,John Pinder-Moss,,,
9b6cf2bd-27d1-429c-951b-6390dbdda96b,J.,,Pinder-Moss,John Pinder-Moss,,,
43057d9c-0c06-42a1-a6a6-cc61484f79ae,,,J. Pinder-Moss,John Pinder-Moss,,,
d4da3fd9-d9d4-4f50-8748-1bdb8fccbf1a,J.,,Piner-Moss,John Pinder-Moss,,,
e86b8a0a-48ac-43a6-a399-a1a69ca510e8,J.,,Pindermoss,John Pinder-Moss,,,
009a423f-1abf-40b6-8a79-326d3a665a99,W.,,Schofield,Wilfred Schofield,,,
964731de-19c1-4ca6-9411-9d13adaeb55c,,,W. Schofield,Wilfred Schofield,,,
71962957-ce20-4575-a376-355a16c92347,Corinne,J.,Selby,Corinne J. Selby,,,
addd9275-df2c-45b3-8872-cbd3f1e42899,,,C. Selby,Corinne J. Selby,,,
360debda-c0f7-463d-8558-637bfbaf92b2,Corinne,,Selby,Corinne J. Selby,,,
9a301515-2f59-4ba2-84c4-f03c9cf68fdc,,,Corinne Selby,Corinne J. Selby,,,
6e6af40a-0713-4ace-b3a1-57d42ee5493d,,,C.Selby,Corinne J. Selby,,,
11995f78-4c9d-40d4-a070-a033ffa0f9fc,C.,,Selby,Corinne J. Selby,,,
bfd15f50-49c1-4d9b-a4b7-e5568fead563,C.,J.,Selby,Corinne J. Selby,,,
a99d1c98-d0ca-4ad6-95fa-7c8f331d8f11,,,D.B.O. Savile,D.B.O. Savile,,,
88282e47-e44e-4723-809c-b525a381ca79,D.,B.O.,Savile,D.B.O. Savile,,,
57700e5d-934e-44b9-a968-6f1b83b1bc40,,,D.B.O Saville,D.B.O. Savile,,,
142b9c40-ee82-4450-a226-13afdb519a72,,,D.B. Savile,D.B.O. Savile,,,
18207bea-d57f-4af1-8c47-7ab01ab54679,,,D. B. O. Savile,D.B.O. Savile,,,
6e6b3599-51fd-4dbe-b67e-2ccd66ff6199,D.,B.O.,Saville,D.B.O. Savile,,,
ffe4a1eb-4b59-45dc-916d-b1cc5fa723d7,,,D.B.O. Saville,D.B.O. Savile,,,
89f9dc41-1d57-424b-a65e-7fdb5ecc78ab,,,D.B.O Savile,D.B.O. Savile,,,
98cb74da-4c24-4c8c-b324-5129c174d752,,,D. B. Savile,D.B.O. Savile,,,
8fee5a55-5850-427d-a1ab-52b1d07f3d21,,,D. B. O  Savile,D.B.O. Savile,,,
0296fbb1-ae5b-492a-b0af-fe7031a6c39e,B.,B.O.,Savile,D.B.O. Savile,,,
ecccdba5-56cb-4c99-bb12-2509d18137eb,,,D.B. O. Savile,D.B.O. Savile,,,
026fc76e-7f57-407b-aa14-1c9ec75b6bc5,D.,S.O.,Savile,D.B.O. Savile,,,
2ae2f366-0c4d-48e3-8212-c0424c7d89a8,,,D. B. O. Saville,D.B.O. Savile,,,
555bd752-34c0-4a19-a4f1-241a5281cdc4,O.,,Savile,D.B.O. Savile,,,
ad652cdb-e769-428c-bd22-34438bc121d8,,,D. B.O. Savile,D.B.O. Savile,,,
b6f73c22-80d6-4ec0-944f-9be46f26e005,D.,B. O.,Savile,D.B.O. Savile,,,
ed00b91d-2f28-4d22-8e25-b3991b0b2d00,W.,,Savile,D.B.O. Savile,,,
2a5cf5b9-f217-481b-9a7a-12ec2ec94707,W.,,Savele,D.B.O. Savile,,,
d0c5f22b-951a-4dc4-b298-bcc4db03f9a1,D.B.O. Saville,,,D.B.O. Savile,,,
c34e5469-b612-4bb2-921c-272ed0e669ff,D. Saville,,,D.B.O. Savile,,,
e3518cf2-0db1-459f-8157-14bb2085fe9f,Eli,,Wilson,Eli Wilson,,,
f2d087b4-2c33-480d-a308-a43039b867ae,E.,,Wilson,Eli Wilson,,,
9f399c62-a466-4d6d-9999-12c693478b19,Eli.,,Wilson,Eli Wilson,,,
1b984098-6c6a-426f-a864-a333de489b34,,,E.Wilson,Eli Wilson,,,
d7b07ff4-0890-4bcd-b27e-d8517d1bcc1a,,,Linda Jennings,Linda Jennings,,,
1fed3741-fce5-4333-b4cb-d48537948f3b,Linda,,Jennings,Linda Jennings,,,
5f8dc39e-7077-4320-9a12-7f08ddc621ab,Linda,Jennings,Lipsen,Linda Jennings,,,
be2a24d9-987a-4ca4-aa92-4d8dca65bfea,L.,P.,Jennings,Linda Jennings,,,
9779918d-adbc-4d53-9251-ff33a3876b8a,Linda,P.,Jennings,Linda Jennings,,,
d6c0f227-edcd-46f0-8778-7b434e763136,Quentin,,Cronk,Quentin Cronk,,,
82c93835-e5b4-407a-ae78-120b11988c82,,,Quentin Cronk,Quentin Cronk,,,